angle,stiffness,camera
96,2,102.36018510058156
66,4,94.85126661548644
