examine_angle,stiffness,mean,median,std
90,0,65.15336082461543,65.13836750765495,0.19891419542860395
90,0,65.7090794371896,65.70249723415832,0.29542739158009085
90,10,65.32074548679716,65.38093732389638,0.3296534861392529
