examine_angle,stiffness,mean,median,std
90,10,63.45142888229052,63.549900117906944,0.5406626201840542
90,0,63.44928157200431,63.66529754666785,0.9741442174332798
